id,nombre,presentacion,unidad,categoria,tipo_origen
c385,SPONGOSTAN,,un,Suturas,Suturas
c398,SURGICEL,,un,Suturas,Suturas
c386,SUTURA BIOSYN 0 (MONOCRYL),,un,Suturas,Suturas
c1987,SUTURA BIOSYN 2/0,,un,Suturas,Suturas
c1138,SUTURA BIOSYN 3/0 AGUJA RED.,,un,Suturas,Suturas
c769,SUTURA BIOSYN 3/0 AGUJA TRIANGULAR,,un,Suturas,Suturas
c392,SUTURA BIOSYN 4/0,,un,Suturas,Suturas
c393,SUTURA BIOSYN 5/0,,un,Suturas,Suturas
c459,SUTURA CATGUT Nº 0,,un,Suturas,Suturas
c460,SUTURA CATGUT Nº 1,,un,Suturas,Suturas
c461,SUTURA CATGUT Nº 2 (LENTO),,un,Suturas,Suturas
c1988,SUTURA CROMICO,,un,Suturas,Suturas
c381,SUTURA CERA PARA HUESO,,un,Suturas,Suturas
c1989,SUTURA DE LINO 0,,un,Suturas,Suturas
c495,SUTURA LINO 100,,un,Suturas,Suturas
c489,SUTURA LINO 20,,un,Suturas,Suturas
c490,SUTURA LINO 30,,un,Suturas,Suturas
c491,SUTURA LINO 40 (SOBRES),,un,Suturas,Suturas
c492,SUTURA LINO 50,,un,Suturas,Suturas
c493,SUTURA LINO 60,,un,Suturas,Suturas
c494,SUTURA LINO 80,,un,Suturas,Suturas
c1132,SUTURA MONOCRYL 0 (NARANJA),,un,Suturas,Suturas
c387,SUTURA MONONYLON 2/0 AGUJA TRIANGULAR,,un,Suturas,Suturas
c388,SUTURA MONONYLON 3/0 AGUJA TRIANGULAR,,un,Suturas,Suturas
c389,SUTURA MONONYLON 4/0 AGUJA TRIANGULAR,,un,Suturas,Suturas
c391,SUTURA MONONYLON 5/0 AGUJA TRIANGULAR,,un,Suturas,Suturas
c395,SUTURA MONONYLON 6/0 AGUJA TRIANGULAR,,un,Suturas,Suturas
c771,SUTURA POLICRYL 4/0,,un,Suturas,Suturas
c1992,PDS,,un,Suturas,Suturas
c360,SUTURA PROLENE 0,,un,Suturas,Suturas
c1991,SUTURA PROLENE 2 TRAUMA 77MM,,un,Suturas,Suturas
c1990,SUTURA PROLENE 2 TRAUMA 75MM,,un,Suturas,Suturas
c394,SUTURA PROLENE 1,,un,Suturas,Suturas
c361,SUTURA PROLENE 2/0,,un,Suturas,Suturas
c376,SUTURA PROLENE 3/0 PUNTA REDONDA,,un,Suturas,Suturas
c1962,SUTURA PROLENE 3/0 PUNTA TRIANGULAR,,un,Suturas,Suturas
c1923,SUTURA PROLENE 4/0 PUNTA REDONDA,,un,Suturas,Suturas
c378,SUTURA PROLENE 4/0 PUNTA TRIANGULAR,,un,Suturas,Suturas
c10157,SUTURA PROLENE 5/0,,un,Suturas,Suturas
c10104,SUTURA PROLENE 6/0,,un,Suturas,Suturas
c1677,SUTURA REABSORVIBLE V-LOC 180 0 30CM,,un,Suturas,Suturas
c1678,SUTURA REABSORVIBLE V-LOC 180 3/0 V-20,,un,Suturas,Suturas
c10165,SUTURA SEDA 2/0 AGUJA REDONDA,,un,Suturas,Suturas
c226,SUTURA SEDA 3/0 AGUJA REDONDA,,un,Suturas,Suturas
c193,SUTURA SEDA 4/0 AGUJA REDONDA,,un,Suturas,Suturas
c379,SUTURA SEDA 5/0 AGUJA REDONDA,,un,Suturas,Suturas
c10166,SUTURA SEDA 6/0 AGUJA TRIANGULAR,,un,Suturas,Suturas
c358,SUTURA VICRYL 0 (GL-124 PTA REDONDA 26 MM),,un,Suturas,Suturas
c1741,SUTURA VICRYL 0 40MM (TRAUMATOLOGOS),,un,Suturas,Suturas
c809,SUTURA VICRYL 1 (CL-803 PTA REDONDA 40 MM),,un,Suturas,Suturas
c356,SUTURA VICRYL 2 (CL-937 PTA TRIANGULAR 40 MM),,un,Suturas,Suturas
c1546,SUTURA VICRYL 2 (PUNTA REDONDA 40 MM),,un,Suturas,Suturas
c359,SUTURA VICRYL 2/0 ( PUNTA REDONDA 26 MM),,un,Suturas,Suturas
c300,SUTURA VICRYL 3/0 ( PUNTA REDONDA 26 MM),,un,Suturas,Suturas
c1935,SUTURA VICRYL 3/0 ( PUNTA REDONDA 20 MM),,un,Suturas,Suturas
c1936,SUTURA VICRYL 3/0 ( PUNTA REDONDA 37 MM),,un,Suturas,Suturas
c10106,SUTURA VICRYL 4/0 ( PUNTA REDONDA 26 MM),,un,Suturas,Suturas
c354,SUTURA VICRYL 5/0 ( AGUJA 15 MM),,un,Suturas,Suturas
c353,SUTURA VICRYL 6/0,,un,Suturas,Suturas
c1883,SUTURA MULTIFILAMENTO 2-0 (PUNTA REDONDA 27 MM),,un,Suturas,Suturas
c1884,SUTURA MULTIFILAMENTO 3-0,,un,Suturas,Suturas
c428,ABBOCATH 14,,un,A,Descartables
c429,ABBOCATH 16,,un,A,Descartables
c10647,ABBOCATH 18,,un,A,Descartables
c1032,ABBOCATH 20,,un,A,Descartables
c148,ABBOCATH 22,,un,A,Descartables
c276,ABBOCATH 24,,un,A,Descartables
c1459,ACIDO ACETICO,,un,A,Descartables
g2,AGUA DE IRRIGACION X 1 LT (AGUA P/INYECTABLES),,un,A,Descartables
c287,AGUA DE IRRIGACION X 2 LT (AGUA P/INYECTABLES),,un,A,Descartables
c1061,AGUA DESTILADA AMP,,un,A,Descartables
c1669,AGUA OXIGENADA X 1 LTS,,un,A,Descartables
c430,AGUA OXIGENADA X 5 LTS,,un,A,Descartables
c10206,AGUJA 16/5,,un,A,Descartables
c10207,AGUJA 25/8,,un,A,Descartables
c1126,AGUJA 27 G PUNTA LAPIZ ESPINAL,,un,A,Descartables
c839,AGUJA 27 G PUNTA LAPIZ (EXTRA LARGA)ESPINAL,,un,A,Descartables
g3,AGUJA 30 G (OFTAMOLOGIA),,un,A,Descartables
c1056,AGUJA 40/12 (TROCAR),,un,A,Descartables
c117,AGUJA 40/8,,un,A,Descartables
c118,AGUJA 50/8,,un,A,Descartables
c1697,AGUJA CURVA 1/2 CIRCULO LANCEOLADA G 211/10,,un,A,Descartables
c1694,AGUJA CURVA 1/2 CIRCULO LANCEOLADA G 211/4,,un,A,Descartables
c1695,AGUJA CURVA 1/2 CIRCULO LANCEOLADA G 211/6,,un,A,Descartables
c1696,AGUJA CURVA 1/2 CIRCULO LANCEOLADA G 211/8,,un,A,Descartables
c433,AGUJA ESPINAL 19 G,,un,A,Descartables
c434,AGUJA ESPINAL 20 G,,un,A,Descartables
c1200,AGUJA ESPINAL 25 G,,un,A,Descartables
c1693,AGUJA RECTA LANCEOLADA A 201/3,,un,A,Descartables
c1692,AGUJA REDONDA 1/2 CIRCULO G 311/9,,un,A,Descartables
c431,AGUJA TERUMO 25/8,,un,A,Descartables
c1367,ALCOHOL EN GEL,,un,A,Descartables
c435,ALCOHOL IODADO X 1 LT,,un,A,Descartables
c135,ALCOHOL X 1 LITRO,,un,A,Descartables
c121,ALGODON X 500 G,,un,A,Descartables
c292,AMINOACIDO 10% X 500 ML,,un,A,Descartables
c396,AZUL DE METILENO,,un,A,Descartables
c1682,AZUL PATENTE,,un,A,Descartables
c1540,BAJALENGUA ADULTO,,un,B,Descartables
c1298,BAJALENGUA PEDIATRICO,,un,B,Descartables
c1248,BARBIJO NK95,,un,B,Descartables
c1454,BARBIJOS C/ELASTICO,,un,B,Descartables
c10374,BARBIJOS FISELINA,,un,B,Descartables
c1273,BARBIJOS QX C/TIRAS,,un,B,Descartables
c10373,BATAS DESCARTABLES,,un,B,Descartables
c441,BATERFLY Nº 19,,un,B,Descartables
c442,BATERFLY Nº 21,,un,B,Descartables
c443,BATERFLY Nº 25,,un,B,Descartables
c436,BISTURI Nº 11,,un,B,Descartables
c437,BISTURI Nº 15,,un,B,Descartables
c438,BISTURI Nº 24,,un,B,Descartables
c439,BOLSA COLECTORA ADULTO,,un,B,Descartables
c440,BOLSA COLECTORA PEDIATRICO,,un,B,Descartables
c1455,BOLSA COLOSTOMIA PEDIATRICA,,un,B,Descartables
c1607,BOLSA DE ASPIRACION BLANCA ECOVAC,,un,B,Descartables
c10150,BOLSA DE COLOSTOMIA ADULTO,,un,B,Descartables
g4,BOLSA MORGUERA,,un,B,Descartables
g5,BOTAS ALTAS DESCARTABLE PARA QX,,un,B,Descartables
c1729,"BOTON GASTRICO FR 18 1,20 CM (350-18-12)",,un,B,Descartables
c444,CAL SODADA,,un,C,Descartables
c1740,"CANULA NASAL DE ALTO FLUJO ""L"" (240-L)",,un,C,Descartables
c1739,"CANULA NASAL DE ALTO FLUJO ""M"" (240-M)",,un,C,Descartables
c1733,"CANULA NASAL DE ALTO FLUJO ""S"" (240-S)",,un,C,Descartables
g6,"CANULA NASAL DE ALTO FLUJO ""XL""",,un,C,Descartables
c1738,"CANULA NASAL DE ALTO FLUJO ""XS"" (240-XS)",,un,C,Descartables
c1033,CANULA NASAL P/OXIGENOTERAPIA ADULTOS (230-12),,un,C,Descartables
c447,CANULA NASAL P/OXIGENOTERAPIA NEONATAL (230-06),,un,C,Descartables
c1220,CANULA NASAL P/OXIGENOTERAPIA PEDIATRIA (230-09),,un,C,Descartables
c445,CANULA NASAL PARA ADULTO,,un,C,Descartables
c446,CANULA NASAL PEDIATRICO,,un,C,Descartables
c1734,"CANULA TRAQUEOSTOMIA 2,5 (270-12) PEDIATRICA",,un,C,Descartables
c1735,CANULA TRAQUEOSTOMIA 3 (270-14) PEDIATRICA,,un,C,Descartables
c1728,"CANULA TRAQUEOSTOMIA 3,5 (270-16) PEDIATRICA",,un,C,Descartables
g7,CANULA TRAQUEOSTOMIA 4 S/B,,un,C,Descartables
c1736,CANULA TRAQUEOSTOMIA 4 C/B(270-18) PEDIATRICA,,un,C,Descartables
c1890,"CANULA TRAQUEOTOMIA 4,5 S/B",,un,C,Descartables
c1737,CANULA TRAQUEOSTOMIA 5 (270-22) PEDIATRICA C/B,,un,C,Descartables
g8,CANULA TRAQUEOSTOMIA 5 SIN BALON,,un,C,Descartables
c1887,"CANULA TRAQUEAOSTOMIA 5,5 SIN BALON",,un,C,Descartables
g9,"CANULA TRAQUEOSTOMIA 5,5 CON BALON",,un,C,Descartables
c1885,CANULA TRAQUEOSTOMIA 6 SIN BALON,,un,C,Descartables
c1769,CANULA TRAQUEOSTOMIA Nº 10 CON BALON,,un,C,Descartables
c1766,CANULA TRAQUEOSTOMIA Nº 9 CON BALON,,un,C,Descartables
c1768,CANULA TRAQUEOSTOMIA Nº 9 SIN BALON,,un,C,Descartables
c448,CANULA TRAQUEOTOMIA Nº 7,,un,C,Descartables
c449,CANULA TRAQUEOTOMIA Nº 7 1/2,,un,C,Descartables
c450,CANULA TRAQUEOTOMIA Nº 8,,un,C,Descartables
c451,CANULA TRAQUEOTOMIA Nº 8 1/2,,un,C,Descartables
g10,CATETER DOBLE PIG TAIL 6 FR (405-06-26-S)JJ QX,,un,C,Descartables
g11,CATETER EPICUTANEO ADULTO (581-02-30-S),,un,C,Descartables
c455,CATETER EPICUTANEO 540/30 (SILMAG),,un,C,Descartables
c10434,CATETER P/DIALISIS PERITONEAL 712-09-31 S CUFF,,un,C,Descartables
c10864,CATETER P/DIALISIS PERITONEAL 712-12-37 2 CUFF,,un,C,Descartables
c1907,CATETER P/DIALISIS PERITONEAL 712-15-42 2 CUFF,,un,C,Descartables
c636,CATETER PARA HEMODIALISIS 2 L. 12 FR.X 20 CM,,un,C,Descartables
c453,CATETER UMBILICAL ARTERIAL (544-25),,un,C,Descartables
c646,"CATETER UMBILICAL VENOSO FR 2,5 (543-25)",,un,C,Descartables
c1481,"CATETER UMBILICAL VENOSO FR 3,5 (543-35)",,un,C,Descartables
c1722,CATETER UMBILICAL VENOSO FR 4 (543-40),,un,C,Descartables
g12,CATETER URETERAL COOK,,un,C,Descartables
c1767,CATETER VENTRICULAR 130-09-C,,un,C,Descartables
c462,CEPILLO DE MANO,,un,C,Descartables
c1011,CEPILLO P/COLECT. CERVICAL,,un,C,Descartables
c463,CINTA PINTOR/ ESTERILIZACION,,un,C,Descartables
c464,CINTA TEST AMPROLENE / PARA OXIDO DE ETILENO,,un,C,Descartables
c465,CINTA TEST PARA AUTOCLAVE (VAPOR),,un,C,Descartables
c1822,CINTA TEST PARA ESTUFA (CALOR SECO),,un,C,Descartables
g13,CIRCUITO RESPIRATORIO NEONATAL 1 TRAMPA DE AGUA,,un,C,Descartables
g14,CIRCUITO RESPIRATORIO NEONATAL S/ TRAMPA DE AGUA,,un,C,Descartables
g15,CIRCUITO RESPIRATORIO PEDIATRICO,,un,C,Descartables
g16,CIRCUITO RESPIRATORIO ADULTO,,un,C,Descartables
g17,CLOREXIDINA SANITIZANTE DE PIEL C/ALCOHOL,,un,C,Descartables
g18,CLOREXIDINA SANITIZANTE DE PIEL C/AGUA,,un,C,Descartables
c1247,CLORHEXIDINA SOLUCION 3M 225 ML,,un,C,Descartables
c467,CLORHEXIDINA X 1/2 LT (JABONOSA) rosa,,un,C,Descartables
g19,CLOREXIDINA X 1/2 LT AZUL,,un,C,Descartables
c468,COFIAS,,un,C,Descartables
g20,CONECTORES PEDIATRICOS,,un,C,Descartables
g21,CONECTORES ADULTO,,un,C,Descartables
g22,CONECTORES ADULTOS CORRUGADOS,,un,C,Descartables
g23,CONECTORES EN T,,un,C,Descartables
g24,CONECTORES RECTOS REDUCTOR,,un,C,Descartables
g25,CONECTORES EN Y,,un,C,Descartables
c1329,DISPOSITIVO INTRAUTERINO,,un,D,Descartables
c1436,DRENAJE DE CANAL ABIERTO 125/19,,un,D,Descartables
c275,ELECTRODOS ADULTOS,,un,E,Descartables
g26,EQUIPO 109 SIN RESERVORIO,,un,E,Descartables
c760,EQUIPO 109,,un,E,Descartables
c1390,EQUIPO B107,,un,E,Descartables
c1090,EQUIPO BOMBA ALIMEN. ENTERAL,,un,E,Descartables
c1092,EQUIPO BOMBA ALIMEN. PARENTERTAL,,un,E,Descartables
c1045,EQUIPO BOMBA DEAM,,un,E,Descartables
c470,EQUIPO DRENAJE TORAX 2500CC (FRASCO BITUBULADO),,un,E,Descartables
c471,EQUIPO DRENAJE TORAX 500 CC (FRASCO BITUBULADO),,un,E,Descartables
c1758,EQUIPO DRENAJE TORAX 750 CC (FRASCO BITUBULADO),,un,E,Descartables
c469,EQUIPO ESTERIL PARA CIRUGIA,,un,E,Descartables
c1034,EQUIPO V 13,,un,E,Descartables
c1035,EQUIPO V 14 p/ ATB,,un,E,Descartables
c128,EQUIPO V 17 MICROGOTERO,,un,E,Descartables
c131,EQUIPO V 20 PARA SANGRE,,un,E,Descartables
c475,ESPATULA DE AIRE,,un,E,Descartables
c476,ESPECULO CHICO MEDISUL,,un,E,Descartables
c478,ESPECULO GRANDE MEDISUL,,un,E,Descartables
c477,ESPECULO MEDIANO MEDISUL,,un,E,Descartables
c1388,FILTRO ANTIBACTERIAL,,un,F,Descartables
c473,FILTRO HUMIFICADOR,,un,F,Descartables
g27,FILTRO FISHER,,un,F,Descartables
c479,FORMOL,,un,F,Descartables
c120,GASAS,,un,G,Descartables
c480,GEL X 5 KG Y 3kg BACE PARA ULTRASONIDO,,un,G,Descartables
c1361,GILLETE,,un,G,Descartables
g28,GLUCOMETRO,,un,G,Descartables
c485,GLUTARALDEHIDO X 1 LT y de 5LT,,un,G,Descartables
c481,GUANTES DE LATEX NO ESTERILES,,un,G,Descartables
c1726,GUANTES DE NITRILO,,un,G,Descartables
c482,GUANTES ESTERILES Nº 6 1/2,,un,G,Descartables
c483,GUANTES ESTERILES Nº 7,,un,G,Descartables
c124,GUANTES ESTERILES Nº 7 1/2,,un,G,Descartables
c125,GUANTES ESTERILES Nº 8,,un,G,Descartables
c484,GUANTES ESTERILES Nº 8 1/2,,un,G,Descartables
c414,HEMOSUCTOR,,un,H,Descartables
c415,HISOPOS LARGOS,,un,H,Descartables
c1328,IOBAN TM-2,,un,I,Descartables
c761,JERINGA DE 50 CC BRAUM,,un,J,Descartables
c486,JERINGA DE 60 CC,,un,J,Descartables
c10555,JERINGA DE 60 CC PICO TOMEY DE ALIMENTA,,un,J,Descartables
c106,JERINGAS 1 CC C/AGUJAS,,un,J,Descartables
c110,JERINGAS 5 CC,,un,J,Descartables
c630,JERINGAS 10 CC,,un,J,Descartables
c113,JERINGAS 20 CC,,un,J,Descartables
c1115,LLAVE DE 3 VIAS,,un,L,Descartables
c427,LUGOL,,un,L,Descartables
c413,MALLA TUBULAR 15 CM,,un,M,Descartables
c747,MALLA TUBULAR 25 CC,,un,M,Descartables
c1763,MALLA TUBULAR 6 CM,,un,M,Descartables
c647,MALLA TUBULAR 7 CM,,un,M,Descartables
c1764,MALLA TUBULAR 8 CM,,un,M,Descartables
c496,MANGO DE ELCTROBISTURI,,un,M,Descartables
c497,MANOPLA DESCARTABLES X UNIDAD ( NAYLON),,un,M,Descartables
c498,MAQUINA DE RASURAR,,un,M,Descartables
g29,MASCARA CHANCHITA TAMAÑO S,,un,M,Descartables
g30,MASCARA CHANCHITA TAMAÑO M,,un,M,Descartables
g31,MASCARA CHANCHITA TAMAÑO L,,un,M,Descartables
g32,MEMBRANA PARA NEBULIZADOR,,un,M,Descartables
c10272,NITROFURASONA X 1 LITRO**-,,un,N,Descartables
c10499,OVATA 10 CM,,un,O,Descartables
c10535,OVATA 15 CM,,un,O,Descartables
c1157,OXIDO DE ETILENO (AMPOLLAS X 1),,un,O,Descartables
c499,OXIDO DE ETILENO (TUBOS DE 100 GR),,un,O,Descartables
g33,PAPEL DE ELECTRO 80MM X 20 MTS (NUEVO),,un,P,Descartables
c506,PAPEL DE ELECTRO 50 X 30,,un,P,Descartables
g34,PARCHE DE ARGINATO,,un,P,Descartables
c10340,PARCHE Duo DEN 15X20,,un,P,Descartables
c409,PARCHE HIDROCOLOIDE 10X10,,un,P,Descartables
c10320,PARCHE HIDROCOLOIDE 15X15,,un,P,Descartables
c402,PARCHE HIDROCOLOIDE 20X20,,un,P,Descartables
c10364,PASTA KARAYA,,un,P,Descartables
c507,PINZA UMBILICAL,,un,P,Descartables
c508,PORTA OBJETO CAJA X 50,,un,P,Descartables
c1116,PROLONGADORES PT 26,,un,P,Descartables
c1721,PROTECTOR OCULAR BILLIBAND,,un,P,Descartables
c1775,SACHET DE FLUIDOS BIOLOGICOS,,un,S,Descartables
c1437,RESERVORIO TIPO JACKSON PRATT 127-100,,un,R,Descartables
c509,SET ARROW 1 LUMEN ADULTOS (S/J-50014),,un,S,Descartables
c457,SET ARROW 1 LUMEN PEDIATRICO (4150 4FR),,un,S,Descartables
c1081,SET ARROW 2 LUMEN NEO (CS-14502),,un,S,Descartables
c510,SET ARROW 2LUMEN AD,,un,S,Descartables
g35,SET CERRADO DE ASPIRACION Nº 5 french,,un,S,Descartables
g36,SET CERRADO DE ASPIRACION Nº 6 french,,un,S,Descartables
g37,SET CERRADO DE ASPIRACION Nº 8 french,,un,S,Descartables
c1804,SET CERRADO DE ASPIRACION Nº10,,un,S,Descartables
c746,SET CERRADO DE ASPIRACION Nº14,,un,S,Descartables
c1221,SET CERRADO DE ASPIRACION Nº16,,un,S,Descartables
c1223,SET CERRADO DE ASPIRACION Nº18 (TRAQUEO),,un,S,Descartables
g38,SET CERRADO DE RECILECCION DE ORINA 4 FR,,un,S,Descartables
g39,SET CERRADO DE RECILECCION DE ORINA 6 FR,,un,S,Descartables
g40,SET CERRADO DE RECILECCION DE ORINA 8 FR,,un,S,Descartables
g41,SET DE DRENAJE VENTRICULAR EXTERNO (130-09),,un,S,Descartables
g42,SET PARTO SIN DOLOR,,un,S,Descartables
c1826,SOLUCION LT8,,un,S,Descartables
c1608,SONDA DE NUTRICION F108,,un,S,Descartables
c1761,SONDA FOLEY HEMATURICA 3 VIAS N° 20,,un,S,Descartables
c10169,SONDA FOLEY HEMATURICA 3 VIAS N° 22,,un,S,Descartables
c1762,SONDA FOLEY HEMATURICA 3 VIAS N° 24,,un,S,Descartables
c10162,SONDA FOLEY Nº 10,,un,S,Descartables
c512,SONDA FOLEY Nº 10 450-10 SILMAG ( SILICONA ),,un,S,Descartables
c513,SONDA FOLEY Nº 12,,un,S,Descartables
c1178,SONDA FOLEY Nº 14,,un,S,Descartables
c514,SONDA FOLEY Nº 16,,un,S,Descartables
c515,SONDA FOLEY Nº 18,,un,S,Descartables
c1715,SONDA FOLEY Nº 18 3 VIAS,,un,S,Descartables
c518,SONDA FOLEY Nº 20,,un,S,Descartables
c1456,SONDA FOLEY Nº 20 3 VIAS,,un,S,Descartables
c520,SONDA FOLEY Nº 22,,un,S,Descartables
c519,SONDA FOLEY Nº 22 3 VIAS,,un,S,Descartables
c1765,SONDA FOLEY Nº 22 3 VIAS - SILICONADA -,,un,S,Descartables
c521,SONDA FOLEY Nº 24,,un,S,Descartables
c1706,SONDA FOLEY Nº 24 3 VIAS,,un,S,Descartables
c1748,SONDA FOLEY Nº 8 2 VIAS,,un,S,Descartables
c10298,SONDA K10,,un,S,Descartables
c1244,SONDA K30,,un,S,Descartables
c1243,SONDA K32,,un,S,Descartables
c1207,SONDA K33,,un,S,Descartables
c1341,SONDA K33(SILICONADA) (no),,un,S,Descartables
c524,SONDA K35,,un,S,Descartables
c525,SONDA K66,,un,S,Descartables
c522,SONDA K9,,un,S,Descartables
g43,SONDA MALECOT N20,,un,S,Descartables
g44,SONDA MALECOT N22,,un,S,Descartables
c538,SONDA NASOGASTRICA 04 FR (392-04),,un,S,Descartables
c1152,SONDA NASOGASTRICA 06 FR (392-06),,un,S,Descartables
c539,SONDA NASOGASTRICA 07 FR (392-07),,un,S,Descartables
c540,SONDA NASOGASTRICA 09 FR (392-09),,un,S,Descartables
c1805,SONDA NASOGASTRICA 10 FR (391-10),,un,S,Descartables
c536,SONDA NASOGASTRICA 12 FR (391-12),,un,S,Descartables
c537,SONDA NASOGASTRICA 14 FR (391-14),,un,S,Descartables
c1806,SONDA NASOGASTRICA 16 FR (391-16),,un,S,Descartables
c1807,SONDA NASOGASTRICA 18 FR (391-18),,un,S,Descartables
c526,SONDA NELATON Nº 10 (420-10)SILMAG,,un,S,Descartables
c528,SONDA NELATON Nº 16 (420-16)SILMAG,,un,S,Descartables
g45,SONDA NELATON Nº 16 ROJA,,un,S,Descartables
c1037,SONDA P/ DRENAJE TORACICO 40 FR (150-40-01),,un,S,Descartables
c579,SONDA P/ DRENAJE TORACICO K225,,un,S,Descartables
c1036,SONDA PARA DRENAJE 28 FR (150-28) DR. ABDALA,,un,S,Descartables
c529,SONDA RUSCH Nº 10,,un,S,Descartables
c530,SONDA RUSCH Nº 12,,un,S,Descartables
c534,SONDA RUSCH Nº 16,,un,S,Descartables
c748,SONDA RUSCH Nº 18,,un,S,Descartables
c532,SONDA RUSCH Nº 22,,un,S,Descartables
c749,SONDA RUSCH Nº 8,,un,S,Descartables
c750,SONDA RUSCH Nº24,,un,S,Descartables
c690,SONDA TRASPILORICA C/LASTRE Y MANDRIL - SILMAG,,un,S,Descartables
c1228,STERI DRAPE 1015,,un,S,Descartables
c10267,STERI DRAPE 1050,,un,S,Descartables
c1803,STERI DRAPE IODADO 6650 SD 60X45 CM,,un,S,Descartables
c1182,STERI STRIP,,un,S,Descartables
c412,TERGADERM,,un,T,Descartables
c544,TELA ADHESIVA TUBO 2.5,,un,T,Descartables
c545,TELA ADHESIVA TUBO 5,,un,T,Descartables
c541,TELA DURAPORE (SEDA),,un,T,Descartables
c542,TELA HIPOALERGENICA 2.5,,un,T,Descartables
c543,TELA HIPOHALERGENICA 5 CM,,un,T,Descartables
c410,TENSIOMETROS,,un,T,Descartables
c411,TENSIOMETROS PEDIATRICOS,,un,T,Descartables
c546,TERMOMETROS DIGITAL,,un,T,Descartables
c547,TIRAS PARA HEMOGLUCOTES,,un,T,Descartables
c1705,TROCAR TORACICO N°16,,un,T,Descartables
c1760,TROCAR TORACICO N°18,,un,T,Descartables
c1707,TROCAR TORACICO N°28,,un,T,Descartables
c1146,TROCAR TORACICO Nº10,,un,T,Descartables
c1144,TROCAR TORACICO Nº12,,un,T,Descartables
c1145,TROCAR TORACICO Nº14,,un,T,Descartables
c1147,TROCAR TORACICO Nº8,,un,T,Descartables
g46,TROCAR TORACICO Nº22,,un,T,Descartables
g47,TROCAR TORACICO N° 20,,un,T,Descartables
c10350,TUBO CORRUGADO,,un,T,Descartables
c611,TUBO EN T PARA OXIGENO,,un,T,Descartables
g48,TUBO DE DRENAJE BRONQUIAL SELECTIVO DER.,,un,T,Descartables
c1916,TUBO DE DRENAJE BRONQUIAL SELECTIVO IZQ. 35,,un,T,Descartables
c1964,TUBO DE DRENAJE BRONQUIAL SELECTIVO IZQ. 37,,un,T,Descartables
c1917,TUBO DE DRENAJE BRONQUIAL SELECTIVO IZQ. 39,,un,T,Descartables
c1295,TUBO DE DRENAJE (SILMAG) 110-12,,un,T,Descartables
c1296,TUBO DE DRENAJE (SILMAG) 110-16,,un,T,Descartables
c10156,TUBO DE DRENAJE (SILMAG) 110-20,,un,T,Descartables
c574,TUBO DE DRENAJE (SILMAG) 110-24,,un,T,Descartables
c1038,TUBO DE DRENAJE (SILMAG) 110-28,,un,T,Descartables
c576,TUBO DE DRENAJE (SILMAG) 110-32,,un,T,Descartables
c577,TUBO DE DRENAJE MULTILUMEN (SILMAG) 140-07,,un,T,Descartables
g49,TUBO ENDOTRAQUEAL Nº 2 1/2 CON/B,,un,T,Descartables
c553,TUBO ENDOTRAQUEAL Nº 2 1/2 S/B,,un,T,Descartables
g50,TUBO ENDOTRAQUEAL Nº 2 C/B,,un,T,Descartables
c552,TUBO ENDOTRAQUEAL Nº 2 S/B,,un,T,Descartables
c1808,TUBO ENDOTRAQUEAL Nº 3 1/2 C/B,,un,T,Descartables
c557,TUBO ENDOTRAQUEAL Nº 3 1/2 S/B,,un,T,Descartables
c1215,TUBO ENDOTRAQUEAL Nº 3 C/B,,un,T,Descartables
c556,TUBO ENDOTRAQUEAL Nº 3 S/B,,un,T,Descartables
c754,TUBO ENDOTRAQUEAL Nº 4 1/2 C/B,,un,T,Descartables
c559,TUBO ENDOTRAQUEAL Nº 4 1/2 S/B,,un,T,Descartables
c563,TUBO ENDOTRAQUEAL Nº 4 C/B,,un,T,Descartables
c558,TUBO ENDOTRAQUEAL Nº 4 S/B,,un,T,Descartables
c755,TUBO ENDOTRAQUEAL Nº 5 1/2 C/B,,un,T,Descartables
c560,TUBO ENDOTRAQUEAL Nº 5 1/2 S/B,,un,T,Descartables
c565,TUBO ENDOTRAQUEAL Nº 5 C/B,,un,T,Descartables
c640,TUBO ENDOTRAQUEAL Nº 5 S/B,,un,T,Descartables
c568,TUBO ENDOTRAQUEAL Nº 6 1/2 C/B,,un,T,Descartables
c762,TUBO ENDOTRAQUEAL Nº 6 1/2 S/B,,un,T,Descartables
c756,TUBO ENDOTRAQUEAL Nº 6 C/B,,un,T,Descartables
c561,TUBO ENDOTRAQUEAL Nº 6 S/B,,un,T,Descartables
c570,TUBO ENDOTRAQUEAL Nº 7 1/2 C/B,,un,T,Descartables
c569,TUBO ENDOTRAQUEAL Nº 7 C/B,,un,T,Descartables
c572,TUBO ENDOTRAQUEAL Nº 8 1/2 C/B,,un,T,Descartables
c571,TUBO ENDOTRAQUEAL Nº 8 C/B,,un,T,Descartables
c1539,TUBO ENDOTRAQUEAL Nº 8 S/B,,un,T,Descartables
c1747,TUBO ENDOTRAQUEAL Nº 9 C/B,,un,T,Descartables
c548,TUBO FLEXIBLE SILMAG (601-445),,un,T,Descartables
g51,TUBO KEHR N 18,,un,T,Descartables
g52,TUBO KEHR N 20,,un,T,Descartables
g53,TUBO DE MAYO 000,,un,T,Descartables
g54,TUBO DE MAYO 00,,un,T,Descartables
g55,TUBO DE MAYO 1,,un,T,Descartables
g56,TUBO DE MAYO 2,,un,T,Descartables
c1006,VASELINA LIQUIDA,,un,V,Descartables
c586,VASELINA SOLIDA,,un,V,Descartables
c588,VENDA DE SMARCH 10CM,,un,V,Descartables
c589,VENDA DE SMARCH 15 CM,,un,V,Descartables
c590,VENDA DE SMARCH 20 CM,,un,V,Descartables
c10498,VENDAS DE YESO 10 CM**-,,un,V,Descartables
c10534,VENDAS DE YESO 15 CM**,,un,V,Descartables
c591,YODO POVIDONA JABON X 5 LTS,,un,Y,Descartables
c643,YODO POVIDONA SOLUCION PHOENIX 1LITRO,,un,Y,Descartables
c21,YODO POVIDONA SOLUCION X 5 LT,,un,Y,Descartables
g57,SET DR OLMEDO,,un,S,Descartables
g58,DILATADORES URETRALES,,un,D,Descartables
g59,PAPEL POUCH DE 05 MM,,un,P,Descartables
c1994,PAPEL POUCH DE 15 MM,,un,P,Descartables
c1995,PAPEL POUCH DE 25 MM,,un,P,Descartables
c1996,PAPEL POUCH DE 30 MM,,un,P,Descartables
g60,PAPEL POUCH DE 40 MM,,un,P,Descartables
g61,AMBU NEONATAL,,un,A,Descartables
g62,AMBU PEDIATRICO,,un,A,Descartables
g63,AMBU ADULTO,,un,A,Descartables
g64,MASCARA PARA VNI PEQUEÑAS,,un,M,Descartables
g65,NEBULIZADORES DE GOTA PEDIATRICO,,un,N,Descartables
g66,NEBULIZADORES DE GOTA ADULTO,,un,N,Descartables
g67,AEROCAMARAS NEONATAL,,un,A,Descartables
g68,AEROCAMARAS PEDIATRICA,,un,A,Descartables
g69,AEROCAMARAS ADULTO,,un,A,Descartables
g70,ESTETOSCOPIO PEDIATRICO,,un,E,Descartables
g71,CANULA NASAL ALTO FLUJO PEDIATRICA,,un,C,Descartables
g72,ESPIROMETRO,,un,E,Descartables
g73,MASCARA PARA AMBU N°0,,un,M,Descartables
g74,MASCARA PARA AMBU N°2,,un,M,Descartables
g75,MASCARA PARA AMBU N°4,,un,M,Descartables
g76,MASCARA PARA AMBU N°5,,un,M,Descartables
g77,MASCARA PARA AMBU N°6,,un,M,Descartables
g78,MANGO TENSIOMETRO 38CM-50CM,,un,M,Descartables
g79,MANGO TENSIOMETRO 35CM-45CM,,un,M,Descartables
g80,MANGO TENSIOMETRO 13CM-21CM,,un,M,Descartables
g81,MANGO TENSIOMETRO 7CM-13CM,,un,M,Descartables
g82,MANGO TENSIOMETRO 8CM-4CM,,un,M,Descartables
g83,"MANGO TENSIOMETRO 5CM-3,5CM",,un,M,Descartables
g84,DESPRESURIZADOR,,un,D,Descartables
g85,NEBULIZADORES PORTATILES,,un,N,Descartables
g86,FERULAS,,un,F,Descartables
g87,MANOMETROS DE AIRE,,un,M,Descartables
g88,MANOMETROS DE OXIGENO,,un,M,Descartables
g89,FLUMITER DE OXIGENO,,un,F,Descartables
g90,FRASCO DE ASPIRACION,,un,F,Descartables
