id,nombre,presentacion,unidad,categoria
c278,AAS 100 MG ASPIRINETA COMP,ASPIRINETAS comp.x 28,comp,A
c990,ACEMUK COM EFERVESCENTE (ACETILCISTEINA),ACEMUK 600 mg tab.efer.x 10,un,A
c665,"ACICLOVIR AMP 500 MG F, A,",TENSEUR HA CONTORNO DE OJOS airless x 15 gr,amp,A
c1972,ACICLOVIR COMP 400 MG,,comp,A
c1865,ACICLOVIR COMP 800 MG,,comp,A
c1213,ACIDO TRANEXAMICO 1000 MG X 10 ML,TRANEXAL 1000 1000 mg I.V.a. x 10 ml,un,A
c283,ADENOCINA AMP,ADENOSINA BIOL 3 mg/ml a.x 10 x 2 ml,amp,A
c284,ADRENALINA AMP,ADRENALINA BIOL 1o/oo a.x 10 x 1 ml,amp,A
c10567,AET AL 2% AMP (POLIDOCANOL),AET 2% iny.a.x 2 x 2 ml,amp,A
c1150,ALBICAR SOL BEBIBLE (L-CARNITINA),ALBICAR sol.a.beb.x 30,un,A
c1187,ALBUMINA HUMANA 20% UNC,ALBUREX f.a.x 1 x 50 ml,un,A
c987,ALDOMET 500 MG COMP (METILDOPA),ALDOMET 500 mg comp.rec.x 30,comp,A
c2021,ALIMENTACION DIBEN X 200 ML KABI,,un,A
c648,ALIMENTACION DIBEN X 500 ML EB,DIBEN env.x 500 ml,un,A
c639,ALIMENTACION FREBINI ENERGY DRINK,FREBINI ENERGY DRINK FIBRA Vainilla env.x 200 ml,un,A
c638,ALIMENTACION FREBRINI ORIGINAL SACHET,FREBINI ORIGINAL env.x 500 ml,un,A
c1379,ALIMENTACION FRESUBIN 2 KCAL DRINK (vainilla),FRESUBIN 2 KCAL DRINK Vainilla env.x 200 ml,un,A
c653,ALIMENTACION FRESUBIN ENERGY,FRESUBIN ENERGY Neutro env.x 500 ml,un,A
c1122,ALIMENTACION FRESUBIN HP ENERGY,FRESUBIN HP ENERGY Neutro env.x 500 ml,un,A
c637,ALIMENTACION FRESUBIN ORIGINAL,FRESUBIN ORIGINAL env.flexible x 1000 ml,un,A
c1971,ALIMENTACION FRESUBIN ORIGINAL (1 LT),,un,A
c1953,ALIMENTACION FRESUBIN ORIGINAL FIBRA (1 LT),,un,A
g1,ALIMENTACION INTENSIVE 500 ML,,un,A
c1970,ALIMENTACION JEVITY PLUS,,un,A
c422,ALIMENTACION PARENTERAL DE 2300 CALORIAS,,un,A
c419,ALIMENTACION SMOFKAVIBEN CENTRAL X 1970,SMOFKABIVEN CENTRAL Bolsa x 1970 ml,un,A
c1815,ALIMENTACION SMOFKAVIBEN EXTRANITROGEN 2025 ML.,,un,A
c1399,ALIMENTACION SUPPORTAN,,un,A
c1861,ALIMENTACION SUPPORTAN DRINK,,un,A
c1973,ALOPURINOL 300 MG X 10 COMP,,comp,A
c147,AMBISOME 50 MG FA,AMBISOME 50 mg f.a.x 1 +disolv.,un,A
c916,AMIKACINA DE 100 MG INY,RIKLINAK 100 mg iny.f.a.x 2 ml,un,A
cA917,AMIKACINA DE 500 MG INY,AMIKACINA KLONAL 500 mg iny.x 2 ml .x 100,un,A
c293,AMINOFILINA AMP (240 MG X 10 ML),AMINOFILINA NORGREEN 240 mg a.x 1 x 10 ml,amp,A
c294,AMIODARONA AMP (150 MG X 3 ML) (ATLANSIL),AMIODARONA NORTHIA 150 mg a.x 25 x 3 ml,amp,A
c989,AMOXI+CLAVULANICO COMP 1 GR,AMOXICILINA CLAVULANICO 7:1 RI 875/125mg comp.x14(,comp,A
c296,"AMPICILINA + SULBACTAM F.A. INY 1,5 MG (AMPIGEN)",AMPICILINA + SULBACTAM DRAWER  1.5 g iny.f.a.x 100,un,A
c295,AMPICILINA 1 GR F. A. INY (COMUN),AMPICILINA DRAWER 1000 mg f.a.x 100,un,A
c298,ANFOTERICINA 50 MG EN LIPOSOMAS F. A. INY,AMBISOME 50 mg f.a.x 1 +disolv.,un,A
c1746,ANFOTERICINA B 50 MG,ANFOTERICINA B NORTHIA 50 mg iny. I.V. f.a.x 5,un,A
c1010,ARGOCIAN (25 MCG AMP),ARGOCIAN 25 mcg/5 ml iny.a.x 5,amp,A
c1703,ATRACURIO,ATRACURIUM NORTHIA 10 mg a.x 25,un,A
c299,ATROPINA 1 ML AMP,SULFATO DE ATROPINA BIOL a.x 100 x 1 ml,amp,A
c1149,AZITROMICINA 500 MG COMP,AZITROMICINA RICHET 500 mg comp.x 5,comp,A
c305,BACLOFENO COMP (10 MG),FLIMAB 10 mg comp.x 50,comp,B
c918,BACTRIM AMP,BACTRIM IV a.x 5 x 5 ml,amp,B
c1227,BACTRIM COMP,BACTRIM comp.x 20,comp,B
c732,BASOFORTINA COMP (ERGONOVINA),METRERGINA 0.2 mg comp.x 20,comp,B
c988,BECOZYM AMP,BECOZYM NF a.x 6,amp,B
c1120,BETAMETASONA GOTAS,BETACORT CASSARA gts.x 15 ml,un,B
c919,BETAMETASONA RETARD,BETASONE G RETARD a.x 1,un,B
c310,BICARBONATO DE SODIO SACHET (1 MOLAR X 100 ML),BICARBONATO DE SODIO NORGREEN  1Molar sachet x1 x1,un,B
c313,BROMURO DE IPRATROPIO AEROSOL,,un,B
c311,BROMURO DE IPRATROPIO GTAS (SOL NEB 20 ML),IPATROP sol.p/nebulizar x 20 ml,frasco,B
c1974,BROMURO DE IPRATROPIO/SALBUTAMOL,,un,B
c314,BROMURO DE PANCURONIO (4 MG AMP X 2 ML),PLUMGER 4 mg a.x 100 x 2 ml,amp,B
c708,BROMURO DE VECURONIO (10 MG AMP),BROMURO DE VECURONIO PHARMAVIA 10 mg liof.f.a.caja,amp,B
c778,BUDESONIDE PUFF,,un,B
c316,BUDESONIDE SOLUCION PARA NEBULIZAR,BUDESON NEBU sol.x 20 ml,un,B
c318,"BUPIVACAINA (0,5% X 20 ML)",BUPIVACAINA 0.5% GEMEPE 0.5% f.a.x 20 x 20 ml,un,B
c426,"BUPIVACAINA HIPERVARICA (0,5% X 4 ML)",BUPIVACAINA 0.50% NORGREEN Dext.hiperb.a.x 1 x 4 m,un,B
c920,CAFEINA (25% AMP A 1 ML),CAFEINA CITRATO RICHET 20mg/ml f.a.iny. x10x1ml,amp,C
c1084,CARBETOCIN (AMP X 1 ML),CARBETOCIN a.x 1 x 1 ml,un,C
c1975,CARBON ACTIVADO,,un,C
c1753,CARBOPLATINO 150 MG(MED.ONCOLOGICA),CARBOPLATINO MICROSULES 150 mg iny.f.a.x 1,un,C
c921,CEFALOTINA 1 GR,CEFALOTINA GEMEPE 1 g iny.f.a.x 100,un,C
c1977,CEFAZOLINA 1 GR,,un,C
c1976,CEFOTAXIMA,,un,C
c922,CEFTAZIDIMA (1G AMP),CEFTAZIDIMA RIVERO 1 g f.a.x 30,amp,C
c782,CEFTRIAXONA 1 GR,CEFTRIAXONA GEMEPE 1000 mg f.a.x 100,un,C
c134,CICLOFOSFAMIDA 1000 MG FA(MED.ONCOLOGICA),CICLOFOSFAMIDA MICROSULES 1000 mg f.a.x 1,un,C
c923,CIPROFLOXACINA 500 MG COMP,CIPROFLOXACINA FABRA 500 mg comp.x 10,comp,C
c924,CIPROFLOXACINA SACHET,CIPROFLOXACINA 200 SOLUFLEX 200 mg IV iny.sol.x100,un,C
c1394,CISPLATINO 50MG (MED.ONCOLOGICA),,un,C
c1154,CITARABINA 1000 MG (MED.ONCOLOGICA),CITARABINA MICROSULES 1000 mg liof.f.a.x 1,un,C
c1688,CITARABINA 100MG FA(MED.ONCOLOGICA),CITARABINA MICROSULES 100 mg liof.f.a.x 1,un,C
c873,CLARITROMICINA 500 MG COMP,CLARIDAD 500 mg comp.x 8,comp,C
c1008,CLARITROMICINA EV (500 MG AMP),CLARITROMICINA PHARMAVIAL 500 mg iny.liof.x 50,amp,C
c783,CLINDAMICINA 600 MG,CLINDAMICINA PHARMAVIAL 600 mg a.x 100 x 4 ml,un,C
c1366,CLONAZEPAM 2 MG COMP,CLONAZEPAM ROSPAW 2 mg comp.birranur.x 30,comp,C
c784,CLONAZEPAN GOTAS,NEURYL gts.x 20 ml,un,C
c1978,CLORPROMAZINA AMPOLLAS,,amp,C
c785,CLORURO DE POTASIO,CLORURO DE POTASIO DRAWER 15 mEq iny.a.x 100 x 5ml,un,C
c10242,COLISTINA AMP,NOLISIM 100 mg/2ml IM/IV f.a.x1,amp,C
c1041,CREMA DE BISMUTO,CREMA DE BISMUTO CHOBET CON PE susp.x 120 ml,pomo,C
c1681,DAUNORUBICINA 20 MG FCO AMP (MED.ONCOLOGICA),MAXIDAUNO 20 mg f.a.x 1,amp,D
c1601,DESMOPRESINA AMP,EMOSINT 20 20 mcg/ml 1 ml x 10 a.,amp,D
c926,DEXAMETASONA,DEXAMETASONA DENVER FARMA 4 mg/ml f.a.x 100 x 2ml,un,D
c1216,DEXMEDETOMDINE FA X 2 ML (PRECEDEX),DEXMEDETOMIDINA RICHET f.a.x 5 x 2 ml,un,D
c10468,DIAZEPAM AMP,DIAZEPAM KLONAL a.x 100 x 2 ml,amp,D
c779,DICLOFENAC + PRIDINILOL COMP,VESALION FLEX comp.x 15,comp,D
c927,DICLOFENAC 75 MG AMP,DICLOCALM 75 mg a.x 25 x 3 ml,amp,D
c891,DICLOFENAC COMP,DICLOFENAC DENVER FARMA 75 mg comp.x 15,comp,D
c928,DIFENHIDRAMINA (10 MG AMP X 10 ML) (BENADRYL),DIFENHIDRAMINA DENVER FARMA 10 mg a.x 100 x 1 ml,amp,D
c695,DIGOXINA (INY X 1 ML),DIGOXINA BIOL iny.a.x 100 x 1 ml,un,D
c786,DIPIRONA,DIPIRONA DRAWER 1 g a.x 100 x 2 ml,un,D
c929,DOBUTAMINA 250 MG,DOBUTAMINA BIOQUIM 250 mg f.a.x 25 x 20 ml,un,D
c641,DOMPERIDONA GOTAS (EUCITON),MOPERIDONA gts.x 20 ml,un,D
c850,DOPAMINA 100 MG AMPOLLA,DOPAMINA NORTHIA 100 mg iny.a.x 25,amp,D
c788,DOPAMINA 200 MG,DOPAMINA NORTHIA 200 mg iny.a.x 25,un,D
c1685,DOXORUBICINA 50 MG FCO AMP (MED.ONCOLOGICA),DOXORUBICINA IMA 50 mg liof.f.a.x 1,amp,D
c2031,ENALAPRIL 10 G VO,,un,E
c332,ENALAPRILATO AMP,,amp,E
c930,ENOXAPARINA 40 MG,CLEXANE 40 mg jga.prell.x 10,un,E
c931,ERGONOVINA AMP,METRERGINA 0.2 mg a.x 100 x 1 ml,amp,E
c1979,ERITROMICINA UNGÜENTO,,un,E
c985,ERITROPROYETINA 2000 UI,EPOGEN 2000 UI f.a.x 1 x 1 ml,un,E
c1912,ERITROPROYETINA 4000 UI,,un,E
c10545,ESPIRONOLACTONA COMP,DRIMUX A 100 mg comp.x 30,comp,E
c719,ESTREPTOQUINASA 1500000 UI,STREPTOFACTOR 1500000 UI a.x 1,un,E
c333,ETILEFRINA,ETILEFRINA CLORHIDRATO GEMEPE  10 mg a.x 100 x 1 m,un,E
c1980,ETOPOSIDO 100 MG (MED.ONCOLOGICA),,un,E
c932,FENITOINA AMP,OPLIPHON 100 mg iny.a.x 25 x 2ml,amp,F
c975,FENOBARBITAL,PRUDEMA 100 mg/2ml iny.a. x 5,un,F
c1083,FENOBARBITAL COMP,FENROS 15 mg comp.x 30,comp,F
c789,FENTANILO,FENTANILO DENVER FARMA 0.25 mg iny.a.x100 x 5ml,un,F
c1683,FILGRASTIM 30 MG FCO AMP,NEUTROFIL 30 MU sol.iny.f.a.x 5,amp,F
c934,FLUCONAZOL COMP,PONARIS 150 mg comp.x 8,comp,F
c976,FLUCONAZOL SACHET,FLUCONAZOL 200 SOLUFLEX 200 mg IV iny.sol.x100ml,un,F
c1981,FLUDARABINA (MED.ONCOLOGICA),,un,F
c10639,FLUMAZENIL AMP,FLUMAGE 0.5 mg a.x 50 x 5 ml,amp,F
c10483,FLUTICASONA SPRAY,,un,F
c10476,FORTIFICADOR DE LECHE MATERNA (NUTRIPREM) SOBRES,NUTRIPREM sob.x 50,un,F
c654,FOTORRETIN GOTAS,FOTORRETIN colirio x 5 ml,un,F
c790,FUROSEMIDA,FUROSEMIDA DENVER FARMA 20 mg a.x 100 x 2 ml,un,F
c1153,FUROSEMIDA COMP,ERROLON comp.x 50,comp,F
c334,GAMMAGLOBULINA GAMMATET T500 (VACUNA ANTIT),GAMMATET T 500UI jga.prell.+toxoide,un,G
c10701,GANCICLOVIR 500 MG AMP,GANCICLOVIR RICHET IV 500 mg f.a.x 1,amp,G
c1772,"GENTAMICINA 0,1% CREMA X 20 GR",,pomo,G
c935,GENTAMICINA 400,GLEVOMICINA 400 mg iny.f.a.x 1 x10ml,un,G
c1925,GOTAS CICLOPENTOLATO,,un,G
c1926,GOTAS FLUORESCEINA,,un,G
c1927,GOTAS POENCAINA,,un,G
c936,HALOPERIDOL (5 MG AMP X 1 ML),HALOPERIDOL DENVER FARMA 5 mg a.x 100 x 1 ml,amp,H
c937,HEPARINA 5000,RIVEPARIN-HEPARINA RIVERO 5000UI f.a.x50x 5ml (EH),un,H
c1982,HIDRATO DE CLORAL,,un,H
c938,HIDROCORTISONA 500 MG AMP,HIDROCORTISONA DRAWER 100 mg iny.f.a.x 100,amp,H
c688,HIERRO ENDOVENOSO,VENOFER FERROLOGIC a.x 5 x 5 ml,un,H
c941,HIOSCINA COMPUESTA,HIOSCINA COMPUESTA DRAWER iny.a.x 100 x 5 ml,comp,H
c939,HIOSCINA SIMPLE,RUPE N 20 mg a.x 100 x 1 ml,un,H
c1170,I.M 75 (SUPOSITORIOS),IM 75 MONTPELLIER sup.x 10,un,I
c337,IBUPROFENO AMP (400 MG X 3 ML),IBUPROFENO KLONAL 400 mg a.x 100 x 3 ml,amp,I
c1742,IDARRUBICINA 10 MG FCO AMP (MED.ONCOLOGICA),IDARRUBICINA 10 DOSA 10 mg iny.f.a.x 1+solv.,amp,I
c1984,IFOSFAMIDA 1 GR. (MED.ONCOLOGICA),,un,I
c336,IMIPENEM,IMIPENEM CELTYC 500 mg IV f.a.x 50,un,I
c1983,"INMUNOGLOBULINA 0,5",,un,I
c1744,INMUNOGLOBULINA 5G X 100ML BIOFACTOR,IG VENA 5 G 5 g f.a.x 1 x 100 ml,un,I
c1719,INMUNOGLOBULINA G EV 10GR 200ML,PRIVIGEN 10 g f.a.x 1 x 100 ml,un,I
c1730,INSULINA ASPARTICA 100 U/ML - NOVORAPID,INSULINA NOVORAPID FLEXPEN 100 UI lapic.x 5 x 3 ml,un,I
c942,INSULINA HUMANA CORRIENTE (100 UI X 10 ML),INSULINA HUMULIN NPH 100 UI fco.x 10 ml,un,I
c943,INSULINA NPH,INSULINA HUMULIN NPH 100 UI fco.x 10 ml,un,I
c10629,IRUXOL UNGUENTO (30 GRAMOS),IRUXOL ung.x 30 g,pomo,I
c1179,ISOXSUPRINA AMP (10 MG X 2 ML),ISOXSUPRINA NORGREEN 10 mg a.x 1 x 2 ml,amp,I
c944,ISOXUPRINA COMP (20 MG),ISOXSUPRINA FABRA 20 mg comp.x 20,comp,I
c1469,ITOPRIDE 50 MG COMP,ITOPRID 50 mg comp.x 30,comp,I
c893,KETOROLAC (30 MG INY AMP 1 ML),KETOROLAC PHARMAVIAL 30 mg iny.a.x 100 x 1 ml,amp,K
cA894,LABETALOL AMP (5MG X 4ML),LABETALOL RICHET 5 mg/ml a.x 10 x 4 ml,amp,L
c895,LABETALOL COMP (200 MG),LABETALOL RICHET 200 mg comp.x 50,comp,L
c991,LACTULON (JARABE X 120 ML),LACTULON jbe.x 120 ml,frasco,L
c1754,LEUCOVORINA 50 MG (MED.ONCOLOGICA),NOVIZET 50 mg iny.liof.f.a.x 1,un,L
c1486,LEVETIRACETAM 1 GR COMP,,comp,L
c1998,LEVETIRACETAM 500 MG COMP.,,comp,L
c10507,LEVETIRACETAN 100 MG FA,CALLEXE 500 mg iny.a.x 5,un,L
c896,LEVOFLOXACINA COMP (750 MG),LEVOFLOXACINA RICHET 750 mg comp. rec. x 5,comp,L
c947,LEVOFLOXACINA FCO (500 MG X 100 ML SACHET),LEVOFLOXACINA NORGREEN 500 mg sachet x 100 ml,un,L
c1879,LEVOMEPROMAZINA (25 MG),,un,L
c978,"LEVOSIMENDAN (2,5 MG/ML INY FA X 5 ML)",LEVOSIMENDAN RICHET LIOFILIZAD 2.5 mg/ml iny.f.a.x,un,L
c1429,LIDOCAINA 10% SPRAY,LIDOCAINA SPRAY 10% spr.x50g c/valv.apli,un,L
c341,LIDOCAINA 2% C/EPI FCO AMP (20 ML),GOBBICAINA 2% c/epi.a.x 25 x 20ml,amp,L
c948,LIDOCAINA AL 2 % S/EPI AMP (5 ml)COMUN,GOBBICAINA 2% s/epi.f.a.x 25 x 20ml,amp,L
c791,LIDOCAINA JALEA (POMO X 25 ML),LAFECAINA jalea pomo x 25 ml,un,L
c1121,LOPERAMIDA (COMP X 10),SUPRASEC comp.x 10,un,L
c843,LORAZEPAM EV (4 MG AMP),LORAZEPAN CHOBET 4 mg a.x 1,amp,L
c949,LUMINALETAS,,un,L
c1155,MAXIDAUNO (MED.ONCOLOGICA),,un,M
c10232,MEDOCOR 20 MG COMP,MEDOCOR comp.x 20,comp,M
c1164,MEDOCOR SL (ISOSORBIDE MONONITRATO),MEDOCOR SUBLINGUAL 5 mg comp.subl.x 30,un,M
c1201,MEPREDNISONA (CORTIPYREN - 8 MG COMP),CORTIPYREN B 8 mg comp.x 20,comp,M
c10402,MERCAPTOPURINA 50 MG COMP (MED.ONCOLOGICA),PURINETHOL 50 mg comp.x 25,comp,M
c979,MEROPENEM (1 G FA),FADA MEROPENEM 1 g f.a.x 25,un,M
c1478,MEROPENEM 500 MG FA,,un,M
c10488,MESNA 200 MG AMP(MED.ONCOLOGICA),FADA MESNA 200 mg a.x 10,amp,M
c1191,METILPREDNISOLONA (SOLUMEDROL) 500 MG INY FA,FADA METILPREDNISOLONA 500 mg iny.f.a.x 5,un,M
c262,METOCLOPRAMIDA (10 MG AMP X 2 ML /RELIVERAN INY),METOCLOPRAMIDA BIOL 10 mg a.x 100 x 2 ml,amp,M
c115,METOTREXATO 500 MG FA (MED.ONCOLOGICA),METOTREXATO MARTIAN 500 mg f.a.x 1,un,M
c1395,METOTREXATO 50MG (MED.ONCOLOGICA),,un,M
c10173,METRONIDAZOL 500 MG (SACHET),METRONIDAZOL NORGREEN 500 mg sach.x 1 x 100 ml,un,M
c950,METRONIDAZOL 500 MG COMP,COLPOFILIN 500 mg comp.x 10,comp,M
c793,MIDAZOLAM (15 MG / 3 ML INY AMP) ++,MIDAZOLAN GEMEPE 15 mg/3 ml iny.a.x 100,amp,M
c1924,MILRINONA,,un,M
c952,MORFINA (10 MG A X 1 ML),MORFINA GEMEPE 10 mg a.x 100 x 1 ml,un,M
c953,NALBUFINA (10 MG AMP X 1 ML) - (NUBAINA),ONFOR 10 mg a.x 100 x 1 ml,amp,N
c10771,"NALOXONA AMP (0,4 MG X 1 ML)",NALOXONA DENVER FARMA 0.4 mg/ml a.x 25 x 1 ml,amp,N
c781,NAPROXENO COMP (500 MG),NAPROXENO VANNIER 500 mg comp.x 20,comp,N
c954,"NEOSTIGMINA (0,5 MG AMP X 1 ML)",NEOSTIGMINA NORGREEN 0.5 mg a.x 1 x 1 ml,amp,N
c897,NIFEDIPINA COMP (30 MG) - ADALAT,NIFED SOL 30 mg comp.x 30,comp,N
cA1181,NIMODIPINA COMP (30 MG),EXPLANER 30 mg comp.x 60,comp,N
c961,NISTATINA (SUSP ORAL X 60 ML),NISTAT susp.oral x 60 ml,frasco,N
c956,NITROGLICERINA (25 MG),DAUXONA a.x 100 x 5 ml,un,N
c10624,NITROPRUSIATO DE SODIO 50 MG AMP,NITROPRUSIATO DE SODIO GEMEPE  50 mg liof.f.a.x 25,amp,N
c957,NORADRENALINA (4 MG AMP X 4 ML),NOREPINEFRINA NORTHIA 4 mg a.x 25 x 4 ml,amp,N
c984,OCITOCINA 10 UI (X 1 ML),OCITOCINA BIOL 10 UI a.x 100 x 1 ml,un,O
c738,OCITOCINA 5 UI (X 1 ML),SYNTOCINON 5 UI a.x 5 x 1 ml,un,O
c10735,OCTREOTIDA,,un,O
c898,OMEPRAZOL 40 MG FA,OMEPRAZOL RICHET 40 mg IV f.a.x 1,un,O
c1687,ONCASPAR (PEG ASPARAGINASA 3750 UI) FA (MED.ONCOLOGICA),ONCASPAR pvo.p/sol.iny.vial x 1,un,O
c1985,ONDASETRON 4MG AMP,,amp,O
c1139,OXAPROST 75 MG,OXAPROST 75 comp.x 16,un,O
c1986,PARACETAMOL 1 GR VO,,un,P
c1195,PARACETAMOL 10MG/ML EV AMP 50ML,PARACETAMOL B.BRAUN Ecof.x 500mg/50ml x 10,amp,P
c960,PARACETAMOL 500MG VO,PARACETAMOL BAYER 500 mg comp.x 30,un,P
c1218,PARACETAMOL EV (500 MG) AMP,PARACETAMOL B.BRAUN Ecof.x 500mg/50ml x 10,amp,P
c1148,PENICILINA G SODICA,PENICILINA G SODICA DRAWER 3000000 UI f.a.x 100,un,P
c1058,PENTOTHAL SOD 1 GR,,un,P
c795,"PIPERACILINA TAZOBACTAN (4,5 G FA)",PIPERAC COMPUESTO 4/0.5 g iny.f.a.x 42,un,P
c1226,PLAC OUT (COLUTORIO X 200 ML),PLAC OUT colut.x 200 ml,un,P
c1665,PLATSUL CREMA (400 GR),,pomo,P
c1689,PREDNISONA 50 MG COMP,METILPRES 50 50mg comp.rec.trirr.x 20,comp,P
c1171,PROGESTERONA COMP,PROGEST 200 caps.blandas x 30,comp,P
c900,PROPOFOL AMP (200 MG X 20 ML),OLEO LAX 200 mg a.x 25 x 20 ml,amp,P
c357,PROSTAGLANDINA 0.5 MG (ALPROSTADIL),ALPROSTADIL RICHET 0.5 mg/ml a.x 1,un,P
c1960,PROTAMINA,,un,P
c796,RANITIDINA (50 MG X 5 ML),RANITIDINA NORGREEN 50 mg a.x 1 x 5 ml,un,R
c963,RANITIDINA COMP (150 MG),GASTROSEDOL 150 mg comp.x 30,comp,R
c797,REMIFENTANILO (5 MG FA),FADA REMIFENTANILO 5 mg f.a.x 25,un,R
c10759,RIFAMPICINA COMP,RIFAMPICINA RICHET 300 mg caps.x 8,comp,R
c758,RIFAMPICINA FCO AMP (60 MG),RIFAMPICINA AA RICHET 600 mg iny.f.a.x 1x 50ml,amp,R
c1279,RIFAXIMINA,,un,R
c971,RIFOCINA SPRAY 30 ML (RIFAMICINA),RIFOCINA spray x 30 ml,un,R
c1396,RITUXIMAB 100MG (MED.ONCOLOGICA),,un,R
c1397,RITUXIMAB 500MG (MED.ONCOLOGICA),,un,R
c1086,"SALBUTAMOL 0,5% 20 ML SOL PARA NEBULIZAR",VENTOLIN sol.p/nebul.x 20 ml,frasco,S
c965,SALBUTAMOL AEROSOL PUFF,,un,S
c1480,SEVOFLUORANO (SEVORANE),ISOFLURANO BAXTER env.x 100 ml,un,S
c196,SOL GLUCOSADA HIPERT 25 % 10 ML,SOLUC.GLUCOSADA HIPERTONICA 25% a.x 50 x 20 ml,frasco,S
c1194,SOL HIPERTONICA DE CL DE NA 20% SODIO,SOLUC.CLORURADA HIPERTONICA 20% a.x 100 x 10 ml,un,S
c709,SOL. DE GLUCONATO DE CALCIO 10% AMP 20 ML,GLUCONATO DE CALCIO NORGREEN   10% a.x 1 x 20 ml,amp,S
c1169,SOL. DEXTROSA AL 10% 500 ML SACHET,SOLUCION DE DEXTROSA 10% RIGEC sach. x 500 ml x 15,frasco,S
c1168,SOL. DEXTROSA AL 5% 500 ML SACHET,SOLUCION DEXTROSA 5% JAYOR BOL sachet x 500 ml,frasco,S
c10215,"SOL. P/ DIALISIS PERITONEAL AL 2,5% X 2000ML+",,frasco,S
c1895,"SOL. P/DIALISIS PERITONEAL AL 1,5% X 2000",,un,S
c347,SOL. RINGER LACTATO X 500 ML SACHET,SOLUCION RINGER LACTATO RIGECI sach. x 500 ml x 15,frasco,S
c1167,SOL.FISIOLOGICA AL 0.9% 500 ML,SOLUCION FISIOLOGICA ISOTONICA 15 sach. x 500ml,frasco,S
c10268,SOLUCION MANITOL 15% (X 500 ML),SOLUCION DE MANITOL AL 15 % RI 15 sach. x 500ml,frasco,S
c981,SUCCINILCOLINA 500 MG FA,FOSFITONE 500 mg f.a.x 25,un,S
c967,SUCRALFATO X 200 ML,SUCRALFATO DENVER FARMA 20% susp.x 200 ml,un,S
c980,SULFATO DE MAGNESIO,SULFATO DE MAGNESIO 25% a.x 100 x 5 ml,un,S
c1039,SURFACTANTE B,SURFACTANTE B RICHET 200 mg f.a.x 8 ml,un,S
c10254,"TOBRAMICINA SOL OFT 0,3% X 5 ML",TOBRAGAN 0.3% gts.oft.x 5 ml,frasco,T
c1752,TRIOSULES (FLUOROURACILO) 500 MG FCO AMP (MED.ONCOLOGICO),TRIOSULES 500 mg iny.a.x 5 x 10 ml,amp,T
c230,VACOMICINA 500 AMP,,amp,V
c915,VANCOMICINA 1000 MG FA,VANCOMICINA DRAWER 1000 mg f.a.x 50,un,V
c1137,VASOPRESINA INY X 1 ML,NOVOPRESSINA-V iny.a.x 5 x 1 ml,un,V
c812,VENTOLIN GOTAS,VENTOLIN sol.p/nebul.x 20 ml,un,V
c816,VENTOLIN PUFF,,un,V
c1684,VINCRISTINA 1 MG FCO AMP (MED. ONCOLOGICA),VINCRISTINA LKM 1 1 mg iny.a.x 1,amp,V
c972,VITAMINA B1 100 MG X 1 ML,VITAMINA B1 BIOL FUERTE 100 mg a.x 100 x 1 ml,un,V
c913,VITAMINA B1 FUERTE AMP,VITAMINA B1 BIOL FUERTE 100 mg a.x 100 x 1 ml,amp,V
c912,VITAMINA C AMP 1 G X 5 ML,VITAMINA C 1 GR 1 g sob.x 15,amp,V
c351,VITAMINA K 1 MG X 1 ML,VITAMINA K1 BIOL 1 mg a.x 100 x 0.5 ml,un,V
c970,VITAMINA K 10 MG X 1 ML,VITAMINA K1 BIOL 10 mg a.x 3 x 1 ml,un,V
c346,VOLUVEN,VOLUVEN 6% sachet x 500 ml,un,V
c1704,VORICONAZOL 200 MG AMP,VORICONAZOL SANDOZ 200 mg liof.f.a.x 1,amp,V
